Company Name,Job Title,Role Category,Signal Category,Job Location,Remote,Employment Type,Posted,Source Platform,Job URL,Job Description
NovaBookings LLc,Remote B2B SaaS Sales Development Representative (SDR) / Appointment Setter,Sales Development,Outbound Sales Expansion,Anywhere,TRUE,"Full-time, Part-time, and Contractor",15 days ago,Indeed,https://www.indeed.com/viewjob?jk=42d53117f6a17eaa&utm_campaign=google_jobs_apply&utm_source=google_jobs_apply&utm_medium=organic,"About NovaBookings NovaBookings is an AI-powered business automation platform designed to help service-based businesses streamline operations, improve customer communication, and reduce the need for multiple disconnected software tools. Our platform helps businesses simplify scheduling, lead management, follow-ups, and customer engagement through one intelligent system. We are seeking a motivated and driven Sales Development Representative (SDR) / Appointment Setter to join our growing sales tea..."
Tipped Recruitment,Sales Development Representative | Series B | SaaS | Up to $120k OTE,Sales Development,Outbound Sales Expansion,"Denver, CO",FALSE,Full-time,17 days ago,LinkedIn,https://www.linkedin.com/jobs/view/sales-development-representative-series-b-saas-up-to-%24120k-ote-at-tipped-recruitment-4433917018?utm_campaign=google_jobs_apply&utm_source=google_jobs_apply&utm_medium=organic,"🌍 Sales Development Representative 💼 B2B Software/SaaS/Sustainability Platform 📍 Hybrid to Denver office (3 days onsite) 💸 Base $40,000 - $55,000 + comms Join one of the most exciting names in sustainability tech - a cutting-edge SaaS platform helping enterprises take the pain out of ESG reporting, make sense of their carbon data, and turn sustainability goals into real-world impact. Less spreadsheet chaos, more meaningful change. This is a product with legs. A company with a clear mission a..."
Cordance,Sales Development Representative (Healthcare & Pharmacy SaaS),Sales Development,Outbound Sales Expansion,United States,FALSE,Part-time,8 days ago,ZipRecruiter,"https://www.ziprecruiter.com/c/Cordance/Job/Sales-Development-Representative-(Healthcare-&-Pharmacy-SaaS)/-in-Remote,US?jid=fa3b4e8fc6aa5a3d&utm_campaign=google_jobs_apply&utm_source=google_jobs_apply&utm_medium=organic",Cordance is dedicated to accelerating the growth of vertically focused business-to-business (B2B) software-as-a-service (SaaS) companies through acquisition and long-term tactical and financial guidance. We're experienced operators and subject-matter experts with a passion for software and building businesses. We partner with founders to help them scale their businesses and realize their companies' full potential. We look for businesses with strong leadership and high potential for profitable gr...
Upwork,Sales Development Representative (SDR) – B2B SaaS / Ecommerce (REMOTE) - Contract to Hire,Sales Development,Outbound Sales Expansion,Anywhere,TRUE,Contractor,28 days ago,Upwork,https://www.upwork.com/freelance-jobs/apply/Sales-Development-Representative-SDR-B2B-SaaS-Ecommerce-REMOTE_~022069823056783792599/?utm_campaign=google_jobs_apply&utm_source=google_jobs_apply&utm_medium=organic,"We are looking for a highly motivated, English-speaking Sales Development Representative (SDR) to support our outbound sales efforts. This role is focused on cold calling, lead generation, and booking qualified meetings with ecommerce brands, agencies, and marketplace sellers across the United States. We offer software solutions that help ecommerce brands improve email marketing, product reviews, deliverability, Walmart review syndication, and AI-powered campaign production. This is a performanc..."
Realynk (Formerly Trans Support),Sales Development Representative (SDR) for SaaS Company,Sales Development,Outbound Sales Expansion,United States,FALSE,Full-time,,Talents By Vaia,https://talents.vaia.com/companies/realynk-formerly-trans-support/sales-development-representative-sdr-for-saas-company-75573306/?utm_campaign=google_jobs_apply&utm_source=google_jobs_apply&utm_medium=organic,"Sales Development Representative (SDR) for SaaS Company Our client is a SaaS company in the Influencer Management space , focused on helping hobbyist-driven brands grow through creator partnerships. Unlike mass-market platforms, they specialize in niche communities such as golf, photography, fitness, and indoor gardening —brands built by and for enthusiasts. The company already has strong lead lists and outbound email systems in place and is now expanding into a more strategic outbound calling a..."
Huzzle,Sales Development Representative SaaS,Sales Development,Outbound Sales Expansion,Anywhere,TRUE,Full-time,7 days ago,JobLeads,https://www.jobleads.com/us/job/sales-development-representative-saas--united-states--e7db52de52644af9046cfb443529873b0?utm_campaign=google_jobs_apply&utm_source=google_jobs_apply&utm_medium=organic,"About Huzzle At Huzzle, we connect exceptional talent with top opportunities at leading companies across the UK, US, Canada, Europe, and Australia. Our clients include fast-growing startups, digital agencies, and tech platforms in industries such as SaaS, MarTech, FinTech, and EdTech. Unlike traditional outsourcing, you’ll be placed directly with a client—working as an in‑house team member with long‑term growth opportunities. Role Type: Full‑time Engagement: Independent Contractor Job Summary We..."
Upwork,Sales Development Representative (SDR) – Healthcare SaaS Outreach,Sales Development,Outbound Sales Expansion,Anywhere,TRUE,Contractor,9 days ago,Upwork,https://www.upwork.com/freelance-jobs/apply/Sales-Development-Representative-SDR-Healthcare-SaaS-Outreach_~022076440841312694824/?utm_campaign=google_jobs_apply&utm_source=google_jobs_apply&utm_medium=organic,"We’re a HIPAA-compliant billing platform built for solo cash-pay and out-of-network private practice providers (therapists, chiropractors, wellness practitioners, etc.). We’re looking for a motivated SDR to help us generate qualified leads and build our sales pipeline. What you’ll do: • Prospect and build targeted lead lists of solo/small private practice providers, in addition to lists we provide • Conduct outbound outreach across all available channels — LinkedIn, email, and cold calling — to ..."
Celonis,Business Development Representative (SaaS Sales),Sales Development,Outbound Sales Expansion,United States,FALSE,Full-time,16 days ago,LinkedIn,https://www.linkedin.com/jobs/view/business-development-representative-saas-sales-at-celonis-4433914449?utm_campaign=google_jobs_apply&utm_source=google_jobs_apply&utm_medium=organic,"Celonis is the global leader in Process Intelligence and the pioneer of Process Mining technology. As one of the world’s fastest-growing enterprise SaaS companies, we are changemakers pushing the boundaries of what’s possible. We invest heavily in advanced AI capabilities—specifically our Process Intelligence Graph—to turn data insights into immediate business action. We believe there is a massive opportunity to unlock global productivity and sustainability by placing intelligence at the core of..."
ProfitSolv,SaaS Sales Development Rep — Hybrid & Growth-Focused,Sales Development,Outbound Sales Expansion,United States,FALSE,Full-time,6 days ago,JobLeads,https://www.jobleads.com/us/job/saas-sales-development-rep-hybrid-growth-focused--united-states--e6f08694ababce074d54a87c74f07176e?utm_campaign=google_jobs_apply&utm_source=google_jobs_apply&utm_medium=organic,"ProfitSolv is seeking a Sales Development Representative to join their team. In this role, you will research and build relationships with potential clients, engage existing users, and assist the sales team in achieving their targets. Candidates should have at least a high school diploma and 1 year of relevant sales experience, ideally in a SaaS environment. Strong communication and organizational skills are essential. Enjoy benefits like a 401K match and paid time off!"
RecruitmentRevolution.com,SDR / Sales Development Representative - Global Legal Tech SaaS. Remote - 19989,Sales Development,Outbound Sales Expansion,Colorado,FALSE,Full-time,6 days ago,BeBee,https://bebee.com/us/jobs/sdr-sales-development-representative-global-legal-tech-saas-remote-19989-recruitmentrevolutioncom-co--appcast-13509_96010006?utm_campaign=google_jobs_apply&utm_source=google_jobs_apply&utm_medium=organic,"Ready to kick-start (or accelerate) your sales career in a fast-growing global SaaS business?Actionstep is on a mission to transform how midsize law firms run their businesses - and we're looking for a driven Sales Development Representative to be part of that journey.This is a fantastic opportunity to join a pioneering Legal Tech company, work with cutting-edge technology, and play a front-line role in shaping customer relationships that fuel real growth.If you thrive in a target-driven environ..."
Buynomics,SaaS Business Development Representative (m/f/d),Sales Development,Outbound Sales Expansion,"New York, NY",FALSE,Full-time,2 days ago,LinkedIn,https://www.linkedin.com/jobs/view/saas-business-development-representative-m-f-d-at-buynomics-4441341858?utm_campaign=google_jobs_apply&utm_source=google_jobs_apply&utm_medium=organic,"This is a hybrid role for individuals located in the Greater New York Area. About Buynomics: Buynomics is the next-generation SaaS company in pricing and product optimization. It employs large-scale simulation technologies to digitize customers and predict their purchase behavior - in any environment. Our clients use Buynomics to make data-driven decisions about their current and new products, overall portfolio structure, pricing, promotions, trade terms, and more, 100x faster and more precisely..."
Jolly Technologies Inc,"Business Development Representative (BDR – Strategic Outreach & Pipeline Development) - SaaS Applications (Austin, TX) [JOL-BDR-TX-070126]",Sales Development,Outbound Sales Expansion,"Austin, TX",FALSE,Contractor,21 days ago,LinkedIn,https://www.linkedin.com/jobs/view/business-development-representative-bdr-%E2%80%93-strategic-outreach-pipeline-development-saas-applications-austin-tx-jol-bdr-tx-070126-at-jolly-technologies-inc-4442523508?utm_campaign=google_jobs_apply&utm_source=google_jobs_apply&utm_medium=organic,"Title Business Development Representative (BDR – Strategic Outreach & Pipeline Development) / B2B Opportunity Creation – SaaS Applications Job ID #JOL-BDR-TX-070126 Location Austin, TX, US Summary Jolly Technologies Inc. — a Silicon Valley-based software company with more than 40,000 customers and millions of users, including many Fortune 500 companies and world-renowned organizations. We are looking for a Business Development Representative — a strategic, research-driven B2B professional with a..."
Prompt,Business Development Representative- Hybrid (B2B SaaS),Sales Development,Outbound Sales Expansion,"Hoboken, NJ",FALSE,Full-time,2 days ago,ZipRecruiter,"https://www.ziprecruiter.com/c/Prompt/Job/Business-Development-Representative-Hybrid-(B2B-SaaS)/-in-Hoboken,NJ?jid=144aa277a1bb0f45&utm_campaign=google_jobs_apply&utm_source=google_jobs_apply&utm_medium=organic","Job Title: Business Development Representative Company Overview: Prompt is revolutionizing healthcare by delivering highly automated and modern software to rehab therapy businesses, the teams within, and the patients they serve. As the fastest-growing company in the space and the new standard in healthcare technology, we strive to attract top talent who share our vision and values. Revolutionize rehab therapy practices with our leading healthcare software, designed to enhance patient care, incre..."
SGF Global,Business Development Representative (BDR) / Junior Account Executive – B2B SaaS,Sales Expansion,Sales Capacity Expansion,Anywhere,TRUE,Full-time,6 days ago,Indeed,https://www.indeed.com/viewjob?jk=7968888ef34868f7&utm_campaign=google_jobs_apply&utm_source=google_jobs_apply&utm_medium=organic,"Business Development Representative (BDR) / Junior Account Executive – B2B SaaS Location: Remote within Florida Employment Type: Full-time Base Salary: $45,000 per year Schedule: Monday through Friday SGF Global, a global staffing and workforce solutions firm, is supporting a technology and SaaS client in the search for a motivated Business Development Representative / Junior Account Executive. This opportunity is ideal for someone with experience in B2B sales, outbound prospecting, SaaS, techno..."
Arcoro,Outbound BDR SaaS Lead Gen (Remote),Sales Development,Outbound Sales Expansion,Anywhere,TRUE,Full-time,1 day ago,Monster,https://www.monster.com/job-openings/outbound-bdr-saas-lead-gen-remote-birmingham-al--e42c37fb-8c3b-45ff-b21d-6db046199b01?utm_campaign=google_jobs_apply&utm_source=google_jobs_apply&utm_medium=organic,"Arcoro, a leading SaaS company focused on HR solutions for the construction industry, is seeking an Outbound Business Development Representative. This role involves converting leads into sales opportunities and requires excellent communication and problem-solving skills.The ideal candidate will have experience with tools like ZoomInfo and Outreach, a positive disposition, and a passion for creating sales opportunities. We offer competitive compensation and flexible work options, including both o..."
Process Analytics Factory - PAFnow by Celonis,Business Development Representative (SaaS Sales),Sales Development,Outbound Sales Expansion,"Raleigh, NC",FALSE,Full-time,16 days ago,LinkedIn,https://www.linkedin.com/jobs/view/business-development-representative-saas-sales-at-process-analytics-factory-pafnow-by-celonis-4436060948?utm_campaign=google_jobs_apply&utm_source=google_jobs_apply&utm_medium=organic,"Celonis is the global leader in Process Intelligence and the pioneer of Process Mining technology. As one of the world’s fastest-growing enterprise SaaS companies, we are changemakers pushing the boundaries of what’s possible. We invest heavily in advanced AI capabilities—specifically our Process Intelligence Graph—to turn data insights into immediate business action. We believe there is a massive opportunity to unlock global productivity and sustainability by placing intelligence at the core of..."
Jolly Technologies,"Business Development Representative (BDR – Strategic Outreach & Pipeline Development) - SaaS Applications (Lexington, KY)",Sales Development,Outbound Sales Expansion,Anywhere,TRUE,Contractor,1 day ago,BeBee,https://bebee.com/us/jobs/business-development-representative-bdr-strategic-outreach-pipeline-development-saas-applications-le--t7xk-770244353?utm_campaign=google_jobs_apply&utm_source=google_jobs_apply&utm_medium=organic,"Title Business Development Representative (BDR – Strategic Outreach & Pipeline Development) / B2B Opportunity Creation – SaaS Applications Job ID #JOL-BDR-KY-070126 Location Lexington, KY, US Summary Jolly Technologies Inc. — a Silicon Valley-based software company with more than 40,000 customers and millions of users, including many Fortune 500 companies and world-renowned organizations. We are looking for a Business Development Representative — a strategic, research-driven B2B professional wit..."
"Remarcable, Inc.",Business Development Representative (SaaS Sales),Sales Development,Outbound Sales Expansion,"Omaha, NE",FALSE,Full-time,14 days ago,Indeed,https://www.indeed.com/viewjob?jk=1e0ce2dc6c0d48c6&utm_campaign=google_jobs_apply&utm_source=google_jobs_apply&utm_medium=organic,"Remarcable is seeking a motivated and energetic Business Development Representative (BDR) to join our dynamic sales team. The BDR will play a crucial role in driving our sales pipeline by identifying and qualifying potential clients. Reporting directly to the VP Sales, this is an excellent opportunity to join a growing startup and make a significant impact on our company's success. If you are a motivated, enthusiastic, and dependable individual who is eager to launch a career in tech sales, with..."
Metadata,Account Executive (AI-SaaS Sales Representative),Sales Expansion,Sales Capacity Expansion,"Clearwater, FL",FALSE,Full-time,2 days ago,LinkedIn,https://www.linkedin.com/jobs/view/account-executive-ai-saas-sales-representative-at-metadata-4440168353?utm_campaign=google_jobs_apply&utm_source=google_jobs_apply&utm_medium=organic,"tl;dr: We're a Silicon Valley AI start-up selling to the most advanced marketers at companies like Brex, Reddit, and Zoom and just relocated our headquarters to Downtown Clearwater. We're looking for an ambitious hungry seller who already knows the fundamentals — from any industry — who wants a real mentor to launch their tech-sales career or someone already in the industry ready to move upmarket from a more transactional SMB sales cycle. If you can sell, you're curious about AI, and you'd rathe..."
Yelp,"Strategic Account Executive, SaaS Sales (Remote - US)",Sales Expansion,Sales Capacity Expansion,"Seattle, WA (+11 others)",FALSE,Full-time,7 days ago,Yelp Careers,https://www.yelp.careers/us/en/job/13968/Strategic-Account-Executive-SaaS-Sales-Remote-US?utm_campaign=google_jobs_apply&utm_source=google_jobs_apply&utm_medium=organic,"Summary*Please note that while this role will operate remotely, it is required that the candidate resides in the United States (EXCLUDING THE BAY AREA).* Do you love to dine out? Are you passionate about helping restaurant owners succeed? Our mission at Yelp is to connect people with great local businesses, and that starts with people like you. Yelp Reservations and Yelp Waitlist are powerful tools that reach and engage diners with an unforgettable experience on the largest restaurant discovery ..."
ZENDA,Senior Account Executive — Enterprise SaaS,Sales Expansion,Sales Capacity Expansion,"New York, NY",FALSE,Full-time,22 hours ago,LinkedIn,https://www.linkedin.com/jobs/view/senior-account-executive-%E2%80%94-enterprise-saas-at-zenda-4442619822?utm_campaign=google_jobs_apply&utm_source=google_jobs_apply&utm_medium=organic,"Company Description Zenda is an intelligent operations modeling platform that gives enterprises real-time visibility into how work actually happens across people, systems, and processes. Unlike most enterprise platforms, Zenda requires no integration, never touches a client's transaction environment, and carries a near-zero training profile. Customers go from first look to live value in hours and days, not weeks and months. We replace static process documentation with a living operating model: t..."
ATALNT,Founding SaaS Sales Executive,Sales Expansion,Sales Capacity Expansion,"Oak Grove, NC",FALSE,Full-time,17 hours ago,LinkedIn,https://www.linkedin.com/jobs/view/founding-saas-sales-executive-at-atalnt-4443531242?utm_campaign=google_jobs_apply&utm_source=google_jobs_apply&utm_medium=organic,"Founding SaaS Sales Executive | AI Recruiting Platform Location: North Carolina Workplace Type: Remote Employment Type: Commission-Based Sales Opportunity Compensation: 100% commission with uncapped earning potential We are seeking an entrepreneurial Founding SaaS Sales Executive to help introduce an AI-powered recruiting platform to employers, HR leaders, recruiting teams, and business owners. This is a high-autonomy, new-business sales role for someone who is comfortable prospecting from the g..."
Jolly Technologies,"Account Executive / B2B Inside Sales Representative - SaaS Applications (San Mateo, CA)",Sales Expansion,Sales Capacity Expansion,"San Mateo, CA",FALSE,Full-time,3 days ago,Indeed,https://www.indeed.com/viewjob?jk=eba36d1044383614&utm_campaign=google_jobs_apply&utm_source=google_jobs_apply&utm_medium=organic,"Title Account Executive / B2B Inside Sales Representative - SaaS Applications Job ID #JOL-ACE-CA-070126 Location San Mateo, CA, US Summary Jolly is a Silicon Valley-based software company with more than 40,000 customers and millions of users, including many Fortune 500 companies and world-renowned organizations. We are looking for an Account Executive, an outgoing person with a solid track record of closing deals and generating new business for our cloud / SaaS / mobile applications. Responsibil..."
Snapsheet,SaaS Account Executive,Sales Expansion,Sales Capacity Expansion,Anywhere,TRUE,Full-time,,Snapsheet - JazzHR,https://snapsheet.applytojob.com/apply/zbmXAVAZXm/SaaS-Account-Executive?utm_campaign=google_jobs_apply&utm_source=google_jobs_apply&utm_medium=organic,"Job Title: SaaS Account Executive Company: Snapsheet Job Location: Remote Job Type: Full-time About Snapsheet: Snapsheet is claims technology the way it should be: purposeful, precise, and designed to deliver outcomes. Where others bolt things on, we engineer them into our core systems and processes across cloud-based claims management, virtual vehicle appraisals, and elite loss and recovery services. Trusted by over 170+ P&C Carriers, MGAs, MGUs, TPAs, and logistics companies, our open architec..."
Minitab,Account Executive - SaaS,Sales Expansion,Sales Capacity Expansion,"Sacramento, CA",FALSE,Full-time,6 days ago,Indeed,https://www.indeed.com/viewjob?jk=f5fbd151509ed5c1&utm_campaign=google_jobs_apply&utm_source=google_jobs_apply&utm_medium=organic,"Account Executive Today, Minitab helps organizations transform operational data into meaningful business outcomes. Our solutions help organizations across industries collect, analyze, and act on data to improve performance and drive better decisions. From the factory floor and quality lab to enterprise operations, Minitab enables customers to build a trusted data foundation that supports continuous improvement, operational excellence, and digital transformation initiatives. As a Minitab sales pr..."
Bluesight,Senior Account Executive - SaaS Sales,Sales Expansion,Sales Capacity Expansion,"Alexandria, VA",FALSE,Full-time,,Lever,https://jobs.lever.co/bluesight/aa4a33af-c2b4-44b2-8179-dbf1752d172a?utm_campaign=google_jobs_apply&utm_source=google_jobs_apply&utm_medium=organic,"At Bluesight, our mission is to create groundbreaking medication intelligence solutions that increase efficiency, safety, and visibility for health systems and pharmaceutical manufacturers. We empower our customers to deliver the right medicine to the right patient at the right time, every time. We are a high-growth healthcare information technology company with a fast-paced vibe but with well-established success and over 2,300 customers tracking medications using our proven solutions. We are se..."
Raah,SaaS Sales Executive – 100% Commission + Recurring Revenue,Sales Expansion,Sales Capacity Expansion,Anywhere,TRUE,"Full-time, Part-time, and Contractor",7 days ago,Indeed,https://www.indeed.com/viewjob?jk=4dd94a2761f21549&utm_campaign=google_jobs_apply&utm_source=google_jobs_apply&utm_medium=organic,"We are looking for an aggressive, self-motivated SaaS Sales Executive to drive growth and bring Raah to e-commerce entrepreneurs, dropshippers, and digital marketing agencies. This is a 100% commission-based role designed for closers who want to build a long-term, compounding revenue stream. Unlike standard one-off commission models, Raah offers a recurring revenue model: you earn 25% commission on every sale, every month, for 12 full months of the customer's subscription. As you close more acco..."
BenefitHub,SaaS Subscription Sales Executive (Remote),Sales Expansion,Sales Capacity Expansion,"Tampa, FL",FALSE,Full-time,5 days ago,ZipRecruiter,"https://www.ziprecruiter.com/c/BenefitHub/Job/SaaS-Subscription-Sales-Executive-(Remote)/-in-Tampa,FL?jid=d615df7f8d87bf83&utm_campaign=google_jobs_apply&utm_source=google_jobs_apply&utm_medium=organic","About the Company At BenefitHub, our commitment is to offer employee perks and voluntary benefits that give real value to employees, focusing on enhancing the quality of their daily lives. We continuously strive to add unique and exciting values to the offers available to our members, partnering with a diverse range of global brands to achieve this. This role provides a unique opportunity to become part of one of the fastest-growing benefits technology companies in the US, with expanding influen..."
Jolly Technologies Inc,"Sales Manager / Director - SaaS Applications (Austin, TX) [JOL-STM-TX-070126]",Sales Leadership,Sales Team Expansion,"Austin, TX, United States",FALSE,Full-time,21 days ago,LinkedIn,https://www.linkedin.com/jobs/view/sales-manager-director-saas-applications-austin-tx-jol-stm-tx-070126-at-jolly-technologies-inc-4442523509?utm_campaign=google_jobs_apply&utm_source=google_jobs_apply&utm_medium=organic,"Title Sales Manager / Director - SaaS Applications Job ID #JOL-STM-TX-070126 Location Austin, TX, US Summary Jolly is a Silicon Valley-based software company with more than 40,000 customers and millions of users, including many Fortune 500 companies and world-renowned organizations. We are seeking an accomplished Sales Director with a proven track record of building, leading, and scaling high-performing B2B Enterprise SaaS sales organizations. You will be responsible for driving predictable reve..."
Rubix Recruiting,Senior SAAS Sales Manager / Director,Sales Leadership,Sales Team Expansion,"Colorado, United States",FALSE,Full-time,3 days ago,BeBee,https://bebee.com/us/jobs/senior-saas-sales-manager-director-rubix-recruiting-englewood--lensa-2365_9baff52a9d8a1893626e474a5a9bd3c4a1a477988ea981404acd3b6f303c419b?utm_campaign=google_jobs_apply&utm_source=google_jobs_apply&utm_medium=organic,"Senior Sales Manager / Director Location: Denver Tech Center Type: Full Time (salary plus bonus) Primary Objectives and Responsibilities Achieve the annual financial performance targets Provide strong sales leadership, vision and direction. Support the team by participating and leading all aspects of the sales cycle, from lead generation, cultivating prospects, territory management, prospect meetings, and engaging corporate resources as required. Mentor and develop the sales team with tactical a..."
Conrep 99999 (Global Config),SaaS Sales Manager,Sales Leadership,Sales Team Expansion,"Middletown, DE, United States",FALSE,Full-time,6 days ago,ZipRecruiter,"https://www.ziprecruiter.com/c/Conrep-99999/Job/SaaS-Sales-Manager/-in-Middletown,DE?jid=336ce968d0aec9a9&utm_campaign=google_jobs_apply&utm_source=google_jobs_apply&utm_medium=organic","Job Summary: Conrep Solutions is seeking a results-driven Sales Manager to join our growing team in Middletown, DE. The ideal candidate will be responsible for driving new business opportunities, managing the complete sales lifecycle, and promoting Conrep's ATS, HRMS, CRM, and workforce management solutions. The Sales Manager will work closely with prospective clients, understand their hiring and workforce management needs, conduct product demonstrations, negotiate contracts, and build long-term..."
Way.com,Director of Sales – SaaS Auto Repair Shop Management Software,Sales Leadership,Sales Team Expansion,"California, United States",FALSE,Full-time,26 days ago,LinkedIn,https://www.linkedin.com/jobs/view/director-of-sales-%E2%80%93-saas-auto-repair-shop-management-software-at-way-com-4433261977?utm_campaign=google_jobs_apply&utm_source=google_jobs_apply&utm_medium=organic,"About Way.com Way.com is expanding into the Auto Repair Shop Management Software space, providing innovative, AI-powered solutions to help repair shops streamline operations, improve efficiency, and drive revenue. Our goal is to empower auto repair businesses with cutting-edge SaaS. We are seeking a Director of Sales to build and lead our high-performance sales team, drive revenue, and scale our go-to-market strategy. Role Overview As the Director of Sales, you will be responsible for developing..."
Loop AI - Delivery Intelligence Platform,SaaS Sales Manager Lead & Scale High-Impact Team,Sales Leadership,Sales Team Expansion,"San Francisco, CA, United States",FALSE,Full-time,6 days ago,BeBee,https://bebee.com/us/jobs/saas-sales-manager-lead-scale-high-impact-team-loop-ai-delivery-intelligence-platform-san-francisco--lensa-7428_4c14017222a5846189c2c2f11b98dcc0954b3f3b46ec9afd1c51039a4a9a4242?utm_campaign=google_jobs_apply&utm_source=google_jobs_apply&utm_medium=organic,"A tech startup is looking for an experienced Sales Manager to lead a growing team in San Francisco. The ideal candidate will have extensive B2B SaaS sales experience and a proven ability to mentor and improve a sales team’s performance. The role involves strategic management, improving deal closures, and forecasting sales to support rapid growth. A competitive salary and equity options are offered."
Tracksuit,"Head of Sales, North America — Scale a High-Growth SaaS",Sales Leadership,Sales Team Expansion,"New York, NY, United States",FALSE,Full-time,7 days ago,Jooble,https://jooble.org/jdp/-8874403976808015195?utm_campaign=google_jobs_apply&utm_source=google_jobs_apply&utm_medium=organic,"A leading track management platform is seeking a Head of Sales to lead their US Sales team. You'll be responsible for developing and executing sales strategies aimed at remarkable revenue growth. This role requires 8+ years of B2B SaaS sales experience and a track record of leadership. As the market-facing leader, you'll collaborate cross-functionally to ensure customer success and expand brand presence. The position offers a competitive salary, commission, and benefits in a dynamic and ambitiou..."
CustomShow,"Director of Sales, SaaS",Sales Leadership,Sales Team Expansion,"New York, NY, United States",FALSE,Full-time,,ZipRecruiter,"https://www.ziprecruiter.com/c/CustomShow/Job/Director-of-Sales,-SaaS/-in-New-York,NY?jid=8a0bcfb3be797368&utm_campaign=google_jobs_apply&utm_source=google_jobs_apply&utm_medium=organic","Company Description Why do companies spend all that time and resources generating leads, qualifying prospects and setting up face-to-face meetings, only to show them a mediocre PowerPoint presentation that out-of-date? Salespeople don't design and build their companies' websites, marketing collateral or TV spots, so why are they tasked with building their own sales presentation? CustomShow is the leading B2B sales presentation platform for companies that want to engage their prospects, deliver t..."
CCH Incorporated,"Senior Field Sales Manager, SaaS *Remote*",Sales Leadership,Sales Team Expansion,United States,FALSE,Full-time,20 days ago,Workday,https://wk.wd3.myworkdayjobs.com/en-US/External/job/Senior-Field-Sales-Manager--SaaS--Remote-_R0058466?utm_campaign=google_jobs_apply&utm_source=google_jobs_apply&utm_medium=organic,"***You may work from a remote home office location anywhere in the Eastern or Central Time Zones* Research & Advisory, US (CCHGroup.com) is part of Wolters Kluwer Tax & Accounting, one of the world's leading providers of tax, accounting and audit information, solutions and services to accounting firms, corporate tax and auditing departments, federal and state government agencies, universities and libraries. Today, the tax and accounting profession is changing and the regulatory landscape is beco..."
Relias,Head of Revenue Operations SaaS Growth Leader (Hybrid),Revenue Operations,Revenue Process Complexity,"Morrisville, NC",FALSE,Full-time,6 days ago,BeBee,https://bebee.com/us/jobs/head-of-revenue-operations-saas-growth-leader-hybrid-relias-morrisville--lensa-7428_2b22a43e87bb00743f73cd150fb58fc0abc575296f934efe1fa39b1e4ddd9287?utm_campaign=google_jobs_apply&utm_source=google_jobs_apply&utm_medium=organic,"Relias is looking for a Director of Revenue Operations to lead strategic initiatives and drive revenue growth. This role involves managing a team and collaborating across departments to ensure operational excellence. The ideal candidate will have extensive SaaS experience and strong leadership skills. You will be responsible for developing dashboards, executing the revenue roadmap, and standardizing processes across teams. Located in Morrisville, NC, this position offers flexibility with onsite ..."
LHH,SaaS Billing & Revenue Operations Specialist,Revenue Operations,Revenue Process Complexity,"San Francisco, CA",FALSE,Full-time,7 days ago,JobLeads,https://www.jobleads.com/us/job/saas-billing-revenue-operations-specialist--san-francisco--e42dda0828425a2cb11268a1266175858?utm_campaign=google_jobs_apply&utm_source=google_jobs_apply&utm_medium=organic,"LHH is hiring a Billing & Collections Contractor in San Francisco, CA to support revenue operations by focusing on order entry, billing, and accounts receivable. The ideal candidate has 3-5+ years of experience in billing and collections, a relevant degree, and hands-on experience with NetSuite. The role entails managing high-volume transactions and ensuring compliance with internal policies. Benefits include medical, dental, vision, and a flexible 401K plan."
"SaaS Labs, Inc",Revenue Operations Specialist,Revenue Operations,Revenue Process Complexity,"Snowflake, AZ",FALSE,Full-time,,Talents By Vaia,https://talents.vaia.com/companies/saas-labs-inc/revenue-operations-specialist-26420735/?utm_campaign=google_jobs_apply&utm_source=google_jobs_apply&utm_medium=organic,"Build smarter systems. Unlock data. Power growth.At SaaS Labs, we\'re scaling fast — and we\'re looking for someone who can turn CRM tools into growth engines, translate data into insights, and fuel GTM execution with speed and clarity.This isn\'t a traditional operations role. It\'s a hands-on opportunity to be at the heart of how we scale — helping sales, marketing, and growth teams move faster, execute smarter, and win bigger. What You\'ll DoBuild for Impact: Design and implement end-to-end C..."
Vision Government Solutions,SaaS Revenue Operations Analyst,Revenue Operations,Revenue Process Complexity,"Hudson, IA",FALSE,Full-time,13 days ago,WhatJobs,https://www.whatjobs.com/jobs/saas-revenue-operations-analyst/hudson-iowa?id=2869332121&utm_campaign=google_jobs_apply&utm_source=google_jobs_apply&utm_medium=organic,"Vision Government Solutions Inc in Hudson, Massachusetts is looking for a Billing & Revenue Analyst to support the accounting team. This role is crucial for managing the billing and revenue lifecycle, requiring a Bachelor's degree in Accounting or related field and 2-4+ years of relevant experience. Responsibilities include preparing invoices, validating billing details, and supporting revenue close activities. The position offers a competitive salary of $85-95k plus bonuses, along with benefits..."
Peerlogic,Head of Revenue Operations,Revenue Operations,Revenue Process Complexity,"Scottsdale, AZ",FALSE,Full-time,,RevPath - DealHub,https://revpath.dealhub.io/jobs/332046087-head-of-revenue-operations?utm_campaign=google_jobs_apply&utm_source=google_jobs_apply&utm_medium=organic,"Head of Revenue Operations Location: Scottsdale, AZ (in office) Peerlogic is a high-growth SaaS company serving healthcare practices with AI-powered communication and workflow solutions. We are seeking a Director of Revenue Operations to lead and optimize the full revenue lifecycle across Marketing, Sales, Customer Success, and Billing. This role is responsible for building scalable systems, ensuring data integrity, improving forecast accuracy, and driving operational alignment across all revenu..."
New Relic,Principal Revenue Operations Manager,Revenue Operations,Revenue Process Complexity,"Austin, TX",FALSE,Full-time,13 days ago,Built In Austin,https://www.builtinaustin.com/job/principal-revenue-operations-manager/10122926?utm_campaign=google_jobs_apply&utm_source=google_jobs_apply&utm_medium=organic,"We are a global team of innovators and pioneers dedicated to shaping the future of observability. At New Relic, we build an intelligent platform that empowers companies to thrive in an AI-first world by giving them unparalleled insight into their complex systems. As we continue to expand our global footprint, we're looking for passionate people to join our mission. If you're ready to help the world's best companies optimize their digital applications, we invite you to explore a career with us! Y..."
SmartSuite,Revenue Operations Associate — Drive SaaS Go-To-Market,Revenue Operations,Revenue Process Complexity,"Overland Park, KS",FALSE,Full-time,,Talents By Vaia,https://talents.vaia.com/companies/smartsuite/overland-park/revenue-operations-associate-drive-saas-go-to-market-74720759/?utm_campaign=google_jobs_apply&utm_source=google_jobs_apply&utm_medium=organic,"A growing SaaS company is seeking a Revenue Operations Associate to support operational processes in a fast-paced environment. The candidate will manage the quote-to-cash lifecycle, assist with internal requests, and ensure accurate sales reporting. Ideal candidates have 1-3 years of relevant experience, strong attention to detail, and excellent communication skills. This is a hands-on role offering opportunities for growth and collaboration with senior leadership. #J-18808-Ljbffr"
Qu,Revenue Operations Lead SaaS & Payments,Revenue Operations,Revenue Process Complexity,"Arlington, VA",FALSE,Full-time,8 days ago,BeBee,https://bebee.com/us/jobs/revenue-operations-lead-saas-payments-qu-arlington--lensa-7428_a642af426b8c74b244bfed0e33ec4f982183514bc8d09d944a1eeb0f4547befd?utm_campaign=google_jobs_apply&utm_source=google_jobs_apply&utm_medium=organic,"Qu is seeking a Director of Revenue Operations in Arlington, Virginia to lead revenue accounting, billing, and collections strategies across its innovative SaaS and payments business. The ideal candidate will have over 10 years of accounting experience, a strong background in ASC 606, and proven leadership skills in high-growth environments. This role includes managing teams both onshore and offshore, with a focus on operational excellence."
Synergy Pet Group,VP of Revenue Operations - Dual-Brand SaaS Growth,Revenue Operations,Revenue Process Complexity,"Lakewood, NJ",FALSE,Full-time,12 days ago,Jooble,https://jooble.org/jdp/-9030920102089012373?utm_campaign=google_jobs_apply&utm_source=google_jobs_apply&utm_medium=organic,"Synergy Pet Group is seeking a Director or VP of Revenue Operations to architect and optimize the revenue infrastructure across its growing businesses, Wishbone and Shepherd Veterinary Software. The role demands leadership in aligning Sales, Marketing, and Customer Success operations, enhancing CRM systems, and improving reporting accuracy. The ideal candidate must have 5+ years of experience in Revenue Operations, particularly in high-growth SaaS environments, and possess strong analytical skil..."
Office Hours,Revenue Operations Associate — SaaS Marketplace,Revenue Operations,Revenue Process Complexity,"New York, NY",FALSE,Full-time,15 days ago,WhatJobs,https://www.whatjobs.com/jobs/revenue-operations-associate-saas/new-york?id=2864765547&utm_campaign=google_jobs_apply&utm_source=google_jobs_apply&utm_medium=organic,"Office Hours is seeking a Financial Operations Associate in New York to optimize revenue workflows and ensure expert consultations are accurately billed. This role requires attention to detail and an operations-first mindset. You will work closely with Sales and the Finance team, streamline processes, and manage collections. The ideal candidate brings problem-solving abilities, Excel expertise, and a desire for growth in a dynamic environment. Competitive salary from $75,000 to $90,000, with hyb..."
CTM (CallTrackingMetrics),Sales Operations & Analytics Lead (SaaS),Revenue Operations,Revenue Process Complexity,United States,FALSE,Full-time,,Talents By Vaia,https://talents.vaia.com/companies/ctm-calltrackingmetrics/sales-operations-analytics-lead-saas-73185845/?utm_campaign=google_jobs_apply&utm_source=google_jobs_apply&utm_medium=organic,"A leading technology company in Millersville, Maryland, is seeking a Sales Operations Specialist to optimize sales processes and systems. This role emphasizes collaboration across departments, data analysis, and support for revenue operations within a fast-paced SaaS environment. The ideal candidate will have over 3 years of experience in sales operations, strong Salesforce skills, and a proven ability to communicate and influence teams effectively. This position offers competitive bonuses, a hy..."
Ladders,Senior Sales Operations Lead,Revenue Operations,Revenue Process Complexity,Anywhere,TRUE,Full-time,,BeBee,https://bebee.com/us/jobs/senior-sales-operations-lead-ladders--theirstack-699700099?utm_campaign=google_jobs_apply&utm_source=google_jobs_apply&utm_medium=organic,"For our client, we are seeking a Senior Sales Operations Lead to join the team of a leader in the Information Technology space. This role will lead operational priorities focused on execution quality, efficiency, safety, and measurable performance outcomes. You will collaborate with field leadership, support functions, and cross-functional stakeholders to improve accountability, service delivery, and operational consistency. The position offers the opportunity to influence operational scale, cus..."
Actionstep,Sr Director Revenue Operations,Revenue Operations,Revenue Process Complexity,"Denver, CO",FALSE,Full-time,,ZipRecruiter,"https://www.ziprecruiter.com/c/Actionstep/Job/Sr-Director-Revenue-Operations/-in-Denver,CO?jid=51151213b50661f5&utm_campaign=google_jobs_apply&utm_source=google_jobs_apply&utm_medium=organic","Actionstep is a pioneer in the development and sale of software-as-a-service (SaaS) products, specializing in the delivery of Legal Practice Management software. We are a fast growing, dynamic business with a global customer base of more than 50,000 users and a team of over 220+ in the USA, Australia, UK, Canada and New Zealand. THE PURPOSE OF YOUR ROLE The Senior Director of Revenue Operations is responsible for building the operating system that powers Actionstep's GTM engine across Sales and ..."
vmysmartpros,[Remote] Sales operations (RevOps) – DMV & New Jersey,Revenue Operations,Revenue Process Complexity,Anywhere,TRUE,Full-time,12 days ago,MySmartPros,https://www.mysmartpros.com/tuition/job/remote-sales-operations-revops-dmv-new-jersey-36cd6f9c/?utm_campaign=google_jobs_apply&utm_source=google_jobs_apply&utm_medium=organic,"Note: The job is a remote job and is open to candidates in USA. StarCompliance is a leading SaaS provider of employee compliance software for the financial services industry. They are seeking a Sales Operations Manager to drive key revenue operations functions and partner with the Chief Revenue Officer to support the company's growth strategy.ResponsibilitiesLead Sales Operations by managing pipeline health, forecasting processes, territory planning, quota management, and revenue reporting to su..."
Jellyfish,Revenue Systems Architect (AI & Automation),Revenue Systems,Revenue Technology Investment,Anywhere,TRUE,Full-time,6 days ago,The SaaS Jobs,https://www.thesaasjobs.com/jobs/526004157-revenue-systems-architect-ai-automation?utm_campaign=google_jobs_apply&utm_source=google_jobs_apply&utm_medium=organic,"Why This Job is Featured on The SaaS JobsThis Revenue Systems Architect role sits at the intersection of core SaaS monetisation infrastructure and the emerging shift toward AI-assisted go-to-market operations. The remit spans Salesforce, CPQ, billing integrations, and data governance, but the differentiator is the explicit expectation to redesign workflows with AI agents as a primary building block rather than a later enhancement. In SaaS terms, it is a modern take on revenue operations engineer..."
Palo Alto Labs,IT Director of Automation – Revenue & Sales Systems (n8n / Workato),Revenue Systems,Revenue Technology Investment,"New York, NY",FALSE,Full-time,,Teal,https://www.tealhq.com/job/it-director-of-automation-revenue-sales-systems_7ea1a4271a01ce698ccf8b6b7418145fc7a47?utm_campaign=google_jobs_apply&utm_source=google_jobs_apply&utm_medium=organic,"About the position We are seeking a Director of Automation to lead enterprise-wide Revenue and Sales automation initiatives across a large, highly integrated B2B SaaS platform operating at global scale. This role owns the strategy, architecture, delivery, and operational excellence of automation across mission-critical revenue workflows—including Lead-to-Cash (L2C), Quote-to-Cash (Q2C), billing, compliance-sensitive handoffs, and downstream financial systems. You will lead a centralized automati..."
Rightworks LLC,SaaS Billing & Revenue Systems Analyst (Hybrid NH),Revenue Systems,Revenue Technology Investment,"Nashua, NH",FALSE,Full-time,,Talents By Vaia,https://talents.vaia.com/companies/rightworks-llc/nashua/saas-billing-revenue-systems-analyst-hybrid-nh-116501067/?utm_campaign=google_jobs_apply&utm_source=google_jobs_apply&utm_medium=organic,"Rightworks LLC is seeking a Business Systems Analyst to power systems driving revenue and customer experience. In this hybrid role, you'll work with platforms like Zuora and Stripe, supporting subscription billing processes and collaborating with cross-functional teams. The ideal candidate has 2-3 years of experience, hands-on with billing systems, and strong analytical skills. The compensation range is $85,000 to $110,000 annually, depending on expertise. #J-18808-Ljbffr"
MTN Global,HubSpot Administrator,CRM Operations,CRM Infrastructure Investment,"Fort Lauderdale, FL",FALSE,Full-time,15 hours ago,LinkedIn,https://www.linkedin.com/jobs/view/hubspot-administrator-at-mtn-global-4443535632?utm_campaign=google_jobs_apply&utm_source=google_jobs_apply&utm_medium=organic,"Marketing & Business Development – Fort Lauderdale, Florida (On-Site) About UsMTN is a world-class network operator that connects global operations with the speed, security, and trust required for success. Our multi-network architecture delivers resilient, fully managed connectivity for mission-critical systems and remote teams across the maritime, energy, government, and enterprise sectors. As MTN continues to scale, our marketing and revenue systems must operate with precision, reliability, an..."
Bay Area Community Resources,Salesforce Administrator,CRM Operations,CRM Infrastructure Investment,"Antioch, CA",FALSE,Full-time,5 days ago,ZipRecruiter,"https://www.ziprecruiter.com/c/Bay-Area-Community-Resources/Job/Salesforce-Administrator/-in-Antioch,CA?jid=4acab9f0b0590801&utm_campaign=google_jobs_apply&utm_source=google_jobs_apply&utm_medium=organic","Job Description: Job Title: Salesforce Administrator Reports To: Director of Data & IT Salary Range: $85,000 - $95,000 annually Location: Hybrid (80% remote and 20% onsite) Benefits: 16 paid BACR Holidays, generous paid time off benefits Medical, dental, vision, mental health/wellness benefit, hospital indemnity, life insurance, flexible spending account (transit, medical, dependent), 403b program, pet insurance, WellHub Professional Development opportunities Minimum Qualifications: 3 to 5 years..."
Intone Networks,Certified Salesforce Administrator,CRM Operations,CRM Infrastructure Investment,United States,FALSE,Contractor,6 days ago,Indeed,https://www.indeed.com/viewjob?jk=cd63a2581a082724&utm_campaign=google_jobs_apply&utm_source=google_jobs_apply&utm_medium=organic,"We are seeking an experienced Salesforce Administrator to support and optimize our Salesforce platform in a SaaS environment. This role focuses on managing Salesforce CPQ, supporting use-case–driven workflows, and ensuring the platform scales effectively with business needs. The ideal candidate is detail-oriented, collaborative, and comfortable working across sales, operations, and technical teams. Key Responsibilities :- • Administer, configure, and maintain the Salesforce platform to support S..."
Executive Mosaic,Salesforce Administrator,CRM Operations,CRM Infrastructure Investment,"Tysons, VA",FALSE,Full-time,,LinkedIn,https://www.linkedin.com/jobs/view/salesforce-administrator-at-executive-mosaic-4427001834?utm_campaign=google_jobs_apply&utm_source=google_jobs_apply&utm_medium=organic,"Executive Mosaic, a leading government contracting (GovCon) media and events company, is seeking a Salesforce Administrator for its expanding team. As a Mid-Level Salesforce Administrator, you’ll play a vital role at Executive Mosaic. We are looking for a proactive individual who can help us continually improve and enhance our Salesforce platform by gathering requirements and feedback, designing scalable best-practice solutions, and managing the product roadmap. Our Salesforce user experience is..."
RainFocus,Remote Salesforce Administrator for a Fast-Growing SaaS,CRM Operations,CRM Infrastructure Investment,"Salt Lake City, UT",FALSE,Full-time,5 days ago,BeBee,https://bebee.com/us/jobs/remote-salesforce-administrator-for-a-fast-growing-saas-rainfocus-salt-lake-city--lensa-7428_0e425972e24ddb3e7730bb93281094959d961cd1a4fa2a1ca5c65efdd4a63c1a?utm_campaign=google_jobs_apply&utm_source=google_jobs_apply&utm_medium=organic,"RainFocus, LLC is seeking a Salesforce Administrator / Junior Administrator in Salt Lake City, Utah. In this role, you will support and optimize our CRM platform, customize Salesforce, and provide user support. You'll work with a collaborative Agile team in a fast-paced environment. The ideal candidate has 1-3 years of Salesforce experience, strong problem-solving skills, and a Salesforce Certified Administrator credential. Enjoy competitive salaries, benefits, and generous PTO at RainFocus!"
Varmoda,Salesforce Administrator,CRM Operations,CRM Infrastructure Investment,"McLean, VA",FALSE,Full-time,14 days ago,LinkedIn,https://www.linkedin.com/jobs/view/salesforce-administrator-at-varmoda-4434879348?utm_campaign=google_jobs_apply&utm_source=google_jobs_apply&utm_medium=organic,"Responsibilities: Manage day-to-day configuration, support, maintenance, and improvement of Salesforce orgs (Sales Cloud, Service Cloud, Government Cloud, or Public Sector Solutions) Handle user setup, roles, profiles, permission sets, and security models Build and maintain Flows, validation rules, approval processes, and automation (migrating legacy Workflow Rules/Process Builder to Flow where applicable) Manage data quality: imports, exports, deduplication, and Data Loader/Data Import Wizard o..."
M3,Salesforce Administrator,CRM Operations,CRM Infrastructure Investment,"Lawrenceville, GA",FALSE,Full-time,6 days ago,BeBee,https://bebee.com/us/jobs/salesforce-administrator-m3-lawrenceville--lensa-7428_dd39d0a8529a536b48bbb5ec83dec1b3bd11a661be37bc44793abf256adc9b14?utm_campaign=google_jobs_apply&utm_source=google_jobs_apply&utm_medium=organic,"M3 (www.m3as.com) is a leading provider of hospitality-specific software solutions, delivering cloud-based tools for hotel accounting, financial reporting, labor management, payroll, and business intelligence. Built by hoteliers for hoteliers, M3 empowers hotel owners, operators, and management companies to streamline back‑office operations, reduce costs, gain real‑time insights, and drive portfolio performance across thousands of properties in North America and beyond. Description Summary The G..."
Cordance,Marketing Operations Coordinator - B2B SaaS Campaigns Remote,Marketing Operations,Marketing Operations Expansion,Anywhere,TRUE,Full-time,6 days ago,JobLeads,https://www.jobleads.com/us/job/marketing-operations-coordinator-b2b-saas-campaigns-remote--united-states--e750a5e777e10916733fcfbf07f787eb9?utm_campaign=google_jobs_apply&utm_source=google_jobs_apply&utm_medium=organic,"Cordance is seeking a Marketing Coordinator to enable marketing campaign execution and manage workflows. You'll be responsible for coordinating internal processes and ensuring all campaign details are executed flawlessly. The ideal candidate has a background in marketing coordination, 2–5 years of experience, and strong organizational skills. This role requires effective communication with various teams and a detail-oriented approach to manage multiple projects efficiently."
"F5 Networks, Inc.",Marketo & Salesforce Marketing Ops Specialist,Marketing Operations,Marketing Operations Expansion,United States,FALSE,Full-time,7 days ago,JobLeads,https://www.jobleads.com/us/job/marketo-salesforce-marketing-ops-specialist--united-states--e5411a87a604bcac3fcce4c1bf413db6b?utm_campaign=google_jobs_apply&utm_source=google_jobs_apply&utm_medium=organic,"F5 Networks is seeking a Marketing Operations Specialist III to join the Marketing Operations Team. You will own scalable Marketo configuration, data management, and integration with Salesforce to support campaigns across the revenue funnel. In this role, you will provide end-user support, coordinate projects, and ensure compliance with email deliverability and privacy policies. A strong background in Marketo Admin, Salesforce, and B2B SaaS is required."
Kharon,"Senior Marketing Ops Leader — HubSpot & Salesforce Architect (Hybrid, Denver)",Marketing Operations,Marketing Operations Expansion,"Denver, CO",FALSE,Full-time,7 days ago,Jooble,https://jooble.org/jdp/-7257110114389206187?utm_campaign=google_jobs_apply&utm_source=google_jobs_apply&utm_medium=organic,"Kharon is seeking a full-time Senior Marketing Operations Manager based in Denver. This role requires you to be in office at least 3 days a week and focuses on owning the technical infrastructure for our revenue engine. The ideal candidate will have 5+ years of experience in B2B SaaS Marketing Ops and be an expert in HubSpot and Salesforce integrations. Benefits include fully sponsored medical, dental, vision insurances, and flexible paid time off. #J-18808-Ljbffr Kharon"
remotepromsp,"**Director of Marketing Operations & reputed company, reputed company - Join arenaflex in Shaping the reputed company of SaaS**",Marketing Operations,Marketing Operations Expansion,Anywhere,TRUE,Full-time,7 days ago,MySmartPros,https://www.mysmartpros.com/remotepro/job/1607657?utm_campaign=google_jobs_apply&utm_source=google_jobs_apply&utm_medium=organic,"At arenaflex, we're on a mission to revolutionize the way businesses operate in the reputed company-evolving SaaS landscape. As a reputed company-thinking organization, we're seeking a highly skilled and strategic reputed company to join reputed company as the Director of Marketing Operations & reputed company, reputed company. This pivotal role will play a crucial part in driving reputed company initiatives, outbound marketing strategies, and operational efficiencies for our B2B SaaS offerings...."
Upwork,Freelance SDR / BDR | B2B SaaS | RevOps Consulting Agency,Revenue Operations,Revenue Process Complexity,Anywhere,TRUE,Contractor,9 days ago,Upwork,https://www.upwork.com/freelance-jobs/apply/Freelance-SDR-BDR-B2B-SaaS-RevOps-Consulting-Agency_~022076669920905984833/?utm_campaign=google_jobs_apply&utm_source=google_jobs_apply&utm_medium=organic,"We’re looking for a proactive and results-driven SDR/BDR freelancer to help generate qualified meetings for a growing RevOps and CRM consulting agency. This role is ideal for someone who is confident in their outbound abilities and enjoys working in a performance-driven environment where strong outreach can lead to strong earnings. You’ll be responsible for sourcing prospects, running outbound outreach, and booking qualified meetings with potential clients (primarily B2B SaaS companies). If you ..."
David Joseph & Company,Growth Marketer — Marketing Automation / B2B SaaS,Marketing Operations,Marketing Operations Expansion,"San Francisco, CA",FALSE,Full-time,5 days ago,Indeed,https://www.indeed.com/viewjob?jk=92e70ed2d46b61d2&utm_campaign=google_jobs_apply&utm_source=google_jobs_apply&utm_medium=organic,"Growth Marketer Snapshot: $150K–$210K base + meaningful early-stage equity · San Francisco · On-site (5 days) · Visa sponsorship available · 1–4 yrs B2B growth/field marketing THE OPPORTUNITY Our client is a Series A AI company (~44 people, founded 2020, $28M raised) building a modern B2B marketing-automation platform — drag-and-drop email, AI-powered personalization, real-time segmentation, and no-code workflows. As marketing hire #2 or #3, you'll own the relationship-driven channels and turn t..."
David Joseph & Company,Growth Marketer -- Marketing Automation / B2B SaaS (Series A),Marketing Operations,Marketing Operations Expansion,"San Francisco, CA",FALSE,Full-time,5 days ago,ZipRecruiter,"https://www.ziprecruiter.com/c/David-Joseph-&-Company/Job/Growth-Marketer--Marketing-Automation-B2B-SaaS-(Series-A)/-in-San-Francisco,CA?jid=ff9252ad106ba35e&utm_campaign=google_jobs_apply&utm_source=google_jobs_apply&utm_medium=organic","Growth Marketer Snapshot: $150K–$210K base + meaningful early-stage equity · San Francisco · On-site (5 days) · Visa sponsorship available · 1–4 yrs B2B growth/field marketing THE OPPORTUNITY Our client is a Series A AI company (~44 people, founded 2020, $28M raised) building a modern B2B marketing-automation platform — drag-and-drop email, AI-powered personalization, real-time segmentation, and no-code workflows. As marketing hire #2 or #3, you'll own the relationship-driven channels and turn t..."
Inspirus,SaaS Demand Gen & Marketing Automation Lead,Marketing Operations,Marketing Operations Expansion,"Fort Worth, TX",FALSE,Full-time,14 days ago,BeBee,https://bebee.com/us/jobs/saas-demand-gen-marketing-automation-lead-inspirus-fort-worth--lensa-7428_d50d282250778e6f720f2381075fb42a666ef7044e4af05468fc0da7d5bdd701?utm_campaign=google_jobs_apply&utm_source=google_jobs_apply&utm_medium=organic,"INSPIRUS LLC is seeking a Marketing professional in Fort Worth, Texas, to develop and execute strategic marketing initiatives. The candidate will create content, manage social media strategies, and analyze campaign performance to enhance brand awareness and generate leads. The ideal candidate has a Bachelor’s degree in Marketing and 3-5 years of B2B marketing experience, preferably in technology sectors. This role offers competitive salary, health insurance, 401K, and more."
"Avathon, Inc","Growth Marketing Manager, Industrial AI & SaaS",Growth Marketing,Demand Generation Expansion,"Austin, TX",FALSE,Full-time,22 days ago,Mediabistro,https://www.mediabistro.com/jobs/3541261189-growth-marketing-manager-industrial-ai-saas?utm_campaign=google_jobs_apply&utm_source=google_jobs_apply&utm_medium=organic,"Avathon, Inc is seeking a Marketing Manager based in Texas. The successful candidate will plan and execute digital marketing strategies to elevate Avathon as a leader in Physical AI. Responsibilities include managing campaigns and enhancing website performance.The role requires 5+ years in B2B technology marketing and a strong grasp of SEO and marketing automation tools like HubSpot and Salesforce. Join a team driving transformative changes in various industries.#J-18808-Ljbffr"
vmysmartpros,Marketing Automation SaaS + Services Line of Business Owner,Marketing Operations,Marketing Operations Expansion,Anywhere,TRUE,Full-time,10 days ago,MySmartPros,https://www.mysmartpros.com/tuition/job/marketing-automation-saas-services-line-of-business-owner/?utm_campaign=google_jobs_apply&utm_source=google_jobs_apply&utm_medium=organic,"If you would thrive running and scaling a line of business that makes it possible for your multi-year subscription customers to build and grow a tech-enabled business they love and can run with ease, you might be a great fit as our Marketing Automation and Practice Management Business Unit Manager (SaaS Stack Product Owner). Using a collection of off-the-shelf technologies (e.g. inbound digital marketing automation, practice/business management, scheduling software, etc.) configured in a way tha..."
Canals,Remote Demand Gen Lead Growth Marketing for B2B SaaS,Growth Marketing,Demand Generation Expansion,"Seattle, WA",FALSE,Full-time,6 days ago,BeBee,https://bebee.com/us/jobs/remote-demand-gen-lead-growth-marketing-for-b2b-saas-canals-seattle--lensa-7428_1d257ee17f1701aae7772c72872f418555c09ec44492be0639d179e6177439ed?utm_campaign=google_jobs_apply&utm_source=google_jobs_apply&utm_medium=organic,"Canals is seeking an experienced marketing professional to lead multi-channel demand generation campaigns, enhancing our market presence and driving growth. The ideal candidate will have over 4 years in demand generation within B2B SaaS, showcasing a proven track record in executing data-driven campaigns. This fully remote position offers flexibility and aims to improve global supply chains. Join our talented team dedicated to impactful solutions and continuous testing to achieve measurable resu..."
"MyCarrier, LLC",SaaS Growth Marketing Specialist - Pipeline & Lifecycle,Growth Marketing,Demand Generation Expansion,"Scottsdale, AZ",FALSE,Full-time,3 days ago,Jooble,https://jooble.org/jdp/-213571070094909754?utm_campaign=google_jobs_apply&utm_source=google_jobs_apply&utm_medium=organic,"MyCarrier, LLC is seeking a Growth Marketing Specialist to drive pipeline growth and enhance campaign performance. This role involves working closely with sales, marketing, and sales operations within a hybrid work model in Scottsdale, Arizona. The ideal candidate will have 3-6 years of B2B SaaS marketing experience, strong analytical skills, and familiarity with HubSpot. You'll lead initiatives across various channels, influencing revenue-driving marketing efforts and developing strategies for ..."
"Alteryx, Inc.",Remote Lifecycle Marketing Director for SaaS Growth,Growth Marketing,Demand Generation Expansion,Anywhere,TRUE,Full-time,15 days ago,Mediabistro,https://www.mediabistro.com/jobs/3541583543-remote-lifecycle-marketing-director-for-saas-growth?utm_campaign=google_jobs_apply&utm_source=google_jobs_apply&utm_medium=organic,"Alteryx, Inc. is seeking a Lifecycle Product Marketing Director to manage customer journey strategies for the Alteryx One platform. This remote role requires extensive experience in developing lifecycle marketing programs aimed at enhancing customer retention and growth within a B2B SaaS environment. The successful candidate will partner with teams across Customer Success, Sales, and Product to optimize customer engagement from onboarding through advocacy, utilizing a strong analytical approach ..."
Fourth Enterprises LLC,Demand Generation Marketer Marketing · Austin · Fully Remote,Growth Marketing,Demand Generation Expansion,Anywhere,TRUE,Full-time,6 days ago,Monster,https://www.monster.com/job-openings/demand-generation-marketer-marketing-austin-fully-remote-austin-tx--ae13864d-06f9-4ffd-bace-ee703423945d?utm_campaign=google_jobs_apply&utm_source=google_jobs_apply&utm_medium=organic,"Fourth is the world's largest and fastest-growing global leader of end-to-end restaurant and hospitality management technology solutions. We pride ourselves on delivering a world-class SaaS experience for our clients by building long-term partnerships starting from the first phone call. We know our recipe for success at Fourth is our amazing team... and that starts with hiring the right people! Interested in joining our smart, fun, and talented team? Position Overview HotSchedules is the restaur..."
Gofractional,Fractional SaaS Growth Marketing Director,Growth Marketing,Demand Generation Expansion,Anywhere,TRUE,Part-time,4 days ago,Mediabistro,https://www.mediabistro.com/jobs/3542101528-fractional-saas-growth-marketing-director?utm_campaign=google_jobs_apply&utm_source=google_jobs_apply&utm_medium=organic,"Gofractional is seeking a fractional marketing leader to build a marketing function from the ground up. This part-time, execution-first role focuses on generating measurable demand and moving pipeline to contracts.Remote with US East Coast availability; New York state preferred, around 5 hours per week with flexibility around conferences. You'll own marketing infrastructure, campaign execution, and reporting, collaborating closely with sales to ensure tight lead handoffs and ROI-driven outcomes#..."
PubNub,"Lifecycle Marketing Manager, Customer Growth (B2B SaaS)",Growth Marketing,Demand Generation Expansion,New York,FALSE,Full-time,5 days ago,JobLeads,https://www.jobleads.com/us/job/lifecycle-marketing-manager-customer-growth-b2b-saas--town-of-poland--ea233390d18edefb45ffbed4325d10780?utm_campaign=google_jobs_apply&utm_source=google_jobs_apply&utm_medium=organic,"PubNub, a real-time data platform powering chat and live updates, is seeking a Customer Lifecycle Marketing Manager to own programs that help customers adopt more of our platform, realize greater value, and expand usage. You’ll lead lifecycle marketing initiatives focused on customer health, expansion, and churn prevention, working closely with Customer Success and Account Managers. Success means improving retention, creating expansion opportunities, and turning usage data into timely campaigns."
Goodwin Recruiting,"Growth Marketing Lead, SaaS: Great Opportunity!",Growth Marketing,Demand Generation Expansion,"Northville, MI",FALSE,Full-time,6 days ago,Goodwin Recruiting,https://www.goodwinrecruiting.com/job/a0wr7000002lvmfmai-growth-marketing-lead-saas-great-opportunity-northville-michigan?utm_campaign=google_jobs_apply&utm_source=google_jobs_apply&utm_medium=organic,"An established and growing Accounting Technology firm is looking for a LEAD GROWTH MARKETING MANAGER to join the team and make an immediate impact by owning key marketing initiatives related to demand generation, tech partner marketing, and data driven lead forecasting. The ideal LEAD GROWTH MARKETING MANAGER will bring 7+ years of experience in SaaS B2B technology marketing, with experience in Demand Generation, Lead Forecasting, and data driven campaign execution. This is a hybrid role, 4 days..."
Gleanwork,Growth & Lifecycle Marketing Lead (B2B SaaS),Growth Marketing,Demand Generation Expansion,"San Francisco, CA",FALSE,Full-time,6 days ago,BeBee,https://bebee.com/us/jobs/growth-lifecycle-marketing-lead-b2b-saas-gleanwork-san-francisco--lensa-7428_e256595d8d1444051536efcee2c3b602fe90c78908e0bee498e4e80c2eec401a?utm_campaign=google_jobs_apply&utm_source=google_jobs_apply&utm_medium=organic,"Gleanwork is seeking a Customer and Growth Product Marketing Lead based in San Francisco to enhance customer engagement and drive growth. This role involves owning the post-sale marketing strategy, focusing on onboarding and adoption while partnering closely with Customer Success. The ideal candidate will have over 8 years of B2B SaaS marketing experience, demonstrating proven success in increasing customer retention and product usage. A passion for AI and strong communication skills are essenti..."
SherlockTalent,Growth Marketing Leader for SaaS (B2B/B2C),Growth Marketing,Demand Generation Expansion,"Fort Lauderdale, FL",FALSE,Full-time,6 days ago,Mediabistro,https://www.mediabistro.com/jobs/3542046204-growth-marketing-leader-for-saas-b2b-b2c?utm_campaign=google_jobs_apply&utm_source=google_jobs_apply&utm_medium=organic,"An innovative and rapidly growing SaaS company is seeking a dynamic marketing professional to join its senior management team. In this role, you will lead and execute impactful marketing campaigns aimed at acquiring new customers and enhancing customer engagement. Your creativity and strategic thinking will drive the ideation and development of both digital and offline marketing initiatives. You will be expected to measure the effectiveness of various communication channels and contribute to bus..."
Yes Energy,Hybrid Customer Success Manager: SaaS for Energy Analytics,Customer Success,Customer Lifecycle Expansion,"Boulder, CO, United States",FALSE,Full–time,6 days ago,BeBee,https://bebee.com/us/jobs/hybrid-customer-success-manager-saas-for-energy-analytics-yes-energy-boulder--lensa-7428_f7d83f87e7aa14c4fe3b184f530ed77a0a8a42f2cc58d3edca39e6e04bc8277f?utm_campaign=google_jobs_apply&utm_source=google_jobs_apply&utm_medium=organic,"Yes Energy is seeking a Customer Success Manager to ensure customers derive maximum value from our analytics software. You will guide onboarding, deliver training, and build strong, strategic relationships to support renewals and expansion. In this hybrid role, you will partner with Product, Sales, Marketing, and Support. Travel up to 15% and reporting to the Sr. Manager of Customer Success are part of the plan."
Genesys,"Sr. Customer Success Manager, Strategic Accounts",Customer Success,Customer Lifecycle Expansion,United States,FALSE,Full–time,6 days ago,LinkedIn,https://www.linkedin.com/jobs/view/sr-customer-success-manager-strategic-accounts-at-genesys-4431859062?utm_campaign=google_jobs_apply&utm_source=google_jobs_apply&utm_medium=organic,"Be the one building AI-powered experiences where they matter most. At Genesys, we help organizations create better customer experiences through AI-powered experience orchestration. Our platform connects people, systems, data and AI to help organizations deliver more personalized service, improve operational efficiency and build stronger customer relationships. Help build, support and operate technology used by more than 8,000 organizations in over 100 countries – moving AI from possibility to pr..."
Remote Recruitment,Customer Success Executive - B2B SaaS & Data Intelligence,Customer Success,Customer Lifecycle Expansion,United States,FALSE,Internship,7 days ago,BeBee,https://bebee.com/us/jobs/customer-success-executive-b2b-saas-data-intelligence-remote-recruitment--lensa-2365_6f0a1b2358f2a9b75acb6329fc7e5d2e7670b1f49e0882d9f2d54db8fb0e04ed?utm_campaign=google_jobs_apply&utm_source=google_jobs_apply&utm_medium=organic,"Customer Success Executive Our client is seeking a proactive and customer-focused Customer Success Executive to join their growing team. This is an exciting opportunity to help customers maximize the value of an innovative B2B SaaS platform by driving user engagement, product adoption, and long-term customer success. Working remotely, you will become the trusted point of contact for a large and growing user base, proactively helping customers discover and utilize the platform's full capabilities..."
SafetyChain Software,Strategic Customer Success Manager - Saas - QMS​/MES,Customer Success,Customer Lifecycle Expansion,"Littleton, CO, United States",FALSE,Full–time,1 day ago,Learn4Good,https://www.learn4good.com/jobs/colorado/customer_service/5304428025/e/?utm_campaign=google_jobs_apply&utm_source=google_jobs_apply&utm_medium=organic,"Location: Littleton Strategic Customer Success ManagerRemote based - USA (Midwest/Mountain time zones preferred)Safety Chain Software is looking for a driven, skilled, and experienced Strategic Customer Success Manager, with enterprise experience to join our Customer Success team. Reporting to the Senior Manager of Customer Success, you will serve as a trusted advisor to a portfolio of strategic customers, helping them achieve measurable business outcomes through the successful adoption and opti..."
Thrive by Shopventory,Remote SaaS Customer Success Pro - Adoption & Growth,Customer Success,Customer Lifecycle Expansion,"Denver, CO, United States",FALSE,Full–time,4 days ago,BeBee,https://bebee.com/us/jobs/remote-saas-customer-success-pro-adoption-growth-thrive-by-shopventory-denver--lensa-7428_cce27596255aa702e9aebac5baf8e0ec9f388d045f251110679121309b95404f?utm_campaign=google_jobs_apply&utm_source=google_jobs_apply&utm_medium=organic,"Thrive Inventory is seeking a dedicated Customer Success professional to help our diverse retail and online businesses get maximum value from our inventory management platform. You will guide onboarding, answer product questions, and advocate for customers with product and engineering teams. The role is fully remote, requires 2+ years in SaaS B2B, and emphasizes clear communication, problem-solving, and proactive engagement to improve adoption and retention."
Go Echoes,Bilingual Customer Success Manager (SaaS) - FR & ENG,Customer Success,Customer Lifecycle Expansion,Anywhere,TRUE,Contractor,11 days ago,Remote Jobs Worldwide | RealWorkRemote,https://realworkremote.com/jobs/bilingual-customer-success-manager-saas--go-echoes-b44a85f7-09ee-49dd-a48b-81adae318632?utm_campaign=google_jobs_apply&utm_source=google_jobs_apply&utm_medium=organic,"Go echoes is looking to hire an experienced Customer Success Manager with a proven SaaS background to manage a portfolio of 60 French accounts. The ideal candidate has previously worked in a SaaS / software environment, understands subscription-based business models, and is fully bilingual in French and English (spoken and written), as they will interact daily with French clients and collaborate closely with the US team. ## Role Overview You will act as the strategic partner for a portfolio of F..."
Propelus,Healthcare SaaS Customer Success Manager Growth & Retention,Customer Success,Customer Lifecycle Expansion,"Boulder, CO, United States",FALSE,Full–time,6 days ago,BeBee,https://bebee.com/us/jobs/healthcare-saas-customer-success-manager-growth-retention-propelus-boulder--lensa-7428_86f4f01f0eec38bdef1f894a35350b3798a77febd84df033ed33e5f51d205533?utm_campaign=google_jobs_apply&utm_source=google_jobs_apply&utm_medium=organic,"Propelus, based in Boulder, Colorado, is seeking a Customer Success Manager who will be responsible for ensuring the success and satisfaction of a portfolio of clients. This role involves engaging with customers to build relationships, guiding them through onboarding, and recognizing opportunities for product expansion to drive customer retention. The ideal candidate will possess a Bachelor's degree and have at least 2 years of experience in a customer-facing role, especially within the SaaS or ..."
LinkedIn,Customer Success Manager - Founding CSM - $100k to $140k OTE - AI Healthcare SaaS - HYBRID,Customer Success,Customer Lifecycle Expansion,United States,FALSE,Full–time,,Talents By Vaia,https://talents.vaia.com/companies/linkedin/customer-success-manager-founding-csm-100k-to-140k-ote-ai-healthcare-saas-hybrid-18989975/?utm_campaign=google_jobs_apply&utm_source=google_jobs_apply&utm_medium=organic,"Bravado represents a privately-held home health SaaS company that uses A.I. to drastically reduce the time clinicians spend entering required patient data – often from 2 hours to 15 minutes per patient. This 10-employee, Seed-funded firm, which was built by industry leaders from both healthcare and artificial intelligence, is seeking a Founding Customer Success Manager to manage 15 to 20 of our home health agency clients. You will report to the COO and work from their San Francisco office at lea..."
Procurement Sciences AI,Head of Customer Success - Remote-Eligible SaaS Growth Leader,Customer Success,Customer Lifecycle Expansion,United States,FALSE,Full–time,,BeBee,https://bebee.com/us/jobs/head-of-customer-success-remote-eligible-saas-growth-leader-procurement-sciences-ai-va--appcast-13509_95666508?utm_campaign=google_jobs_apply&utm_source=google_jobs_apply&utm_medium=organic,"A leading AI-driven SaaS company is seeking a Head of Customer Success to drive growth and retention.The successful candidate will oversee the entire post-sales journey, manage customer health, and build a high-performing team.This role requires strong SaaS experience, including leadership in customer success, negotiation for renewals, and data-driven operations.The position offers a competitive salary, remote work options, and significant leadership opportunities at a rapidly scaling firm.."
Rippling,SaaS Customer Support Specialist US Timezones,Customer Support,Support Volume Expansion,"El Paso, TX",FALSE,Full-time,2 days ago,BeBee,https://bebee.com/us/jobs/saas-customer-support-specialist-us-timezones-rippling-el-paso--lensa-7428_c9900b519815a947d85ee93540ae99166782c4ab0ad855425e503cf00bdb13ab?utm_campaign=google_jobs_apply&utm_source=google_jobs_apply&utm_medium=organic,"Rippling is seeking a Customer Support professional to join our team. You will become a product expert, resolve customer issues from start to finish, and communicate via email, chat, or video. You will document interactions in the CRM and collaborate with Product/Engineering to share insights and improvements. The role requires 1–4 years in US benefits-focused customer support, strong English communication, and the ability to work a PST daytime shift in a fast-paced environment."
Alivo,Customer Support Specialist (SaaS),Customer Support,Support Volume Expansion,"Portland, ME",FALSE,Full-time,,Jobs In Maine,https://jobsinmaine.com/jobs/499591582-customer-support-specialist-saas?utm_campaign=google_jobs_apply&utm_source=google_jobs_apply&utm_medium=organic,"About Alivo At Alivo, we’re transforming how businesses connect with their customers. Using cutting-edge AI, we help companies deliver instant, intelligent, and personalized communication that drives growth and customer loyalty. Our mission is simple: empower businesses to thrive by making every interaction unforgettable. Who We’re Looking For We are looking for a highly driven, customer-obsessed Customer Support Specialist to serve as the front line for customer communication and issue resoluti..."
Fastmail,Customer Support Agent (SaaS Helpdesk) - Philadelphia,Customer Support,Support Volume Expansion,"Philadelphia, PA",FALSE,Full-time,5 hours ago,LinkedIn,https://www.linkedin.com/jobs/view/customer-support-agent-saas-helpdesk-philadelphia-at-fastmail-4443736819?utm_campaign=google_jobs_apply&utm_source=google_jobs_apply&utm_medium=organic,"We're looking for a Customer Support Agent to join the Fastmail team in our Philadelphia office. You'll be joining our team of friendly experts behind every customer interaction. You'll spend your days crafting thoughtful responses that solve problems, answer questions, and make people feel genuinely heard. Whether you're troubleshooting a tricky IMAP configuration or helping someone understand our features, every response matters. Fastmail Is a Small Company Making a Big Difference Fastmail has..."
Canopy,"SaaS Customer Support Specialist: Fast, Friendly Help",Customer Support,Support Volume Expansion,"South Jordan, UT",FALSE,Full-time,4 days ago,BeBee,https://bebee.com/us/jobs/saas-customer-support-specialist-fast-friendly-help-canopy-south-jordan--lensa-7428_34d8d41c1dc8c556f66b2925689a54de35f7074e6581cdcba12ffdc9d01c6515?utm_campaign=google_jobs_apply&utm_source=google_jobs_apply&utm_medium=organic,"Canopy, a fast-growing SaaS company in South Jordan, Utah, is seeking a Customer Support specialist to provide top-tier service to accounting software users. You will handle email, in-app chat, and phone inquiries, ensuring timely resolutions and helpful guidance. You will work with Salesforce, Intercom, and Google Suite to assist customers, learn Canopy’s features, and advocate for user needs. This in-office role offers growth, collaboration, and a supportive team environment."
OnBoard,SaaS Customer Support Specialist — Tech Troubleshooter (Hybrid),Customer Support,Support Volume Expansion,"Indianapolis, IN",FALSE,Full-time,4 days ago,JobLeads,https://www.jobleads.com/us/job/saas-customer-support-specialist-tech-troubleshooter-hybrid--indianapolis--e0172101c3c1e65e29c9c420069752407?utm_campaign=google_jobs_apply&utm_source=google_jobs_apply&utm_medium=organic,"OnBoard is seeking a Customer Support Specialist I to provide tier-one support for OnBoard, Govenda, ES and related products. You will troubleshoot software and technical issues, assist customers via email, chat, phone, and meetings, and act as a subject matter expert on supported products. The role requires a strong customer-service mindset and collaboration with cross-functional teams. Hybrid role in Downtown Indianapolis with US business hours coverage and rotating on-call support."
Rippling,SaaS Customer Support Specialist & Troubleshooter,Customer Support,Support Volume Expansion,"Phoenix, AZ",FALSE,Full-time,8 days ago,BeBee,https://bebee.com/us/jobs/saas-customer-support-specialist-troubleshooter-rippling-phoenix--lensa-7428_6226f90b199b0333c33ad1d2cc78a80c90bbcd84eb9782e4f5b0c0bf5df414cf?utm_campaign=google_jobs_apply&utm_source=google_jobs_apply&utm_medium=organic,"Rippling seeks a Customer Support professional to assist clients in using its HR, IT, and Finance platform. The ideal candidate will maintain product expertise and excellent customer service skills. With responsibilities including troubleshooting technical issues, documenting customer interactions, and gathering feedback for improvements, this position promises growth in a collaborative environment. A Bachelor's degree and two years of SaaS experience are required."
Get It - Hospitality,SaaS Customer Support Specialist,Customer Support,Support Volume Expansion,"West Hollywood, CA",FALSE,Full-time,6 days ago,Get.It,https://www.get.it/job/saas-customer-support-specialist-in-west-hollywood-ca-at-get-it-hospitality-ga_628586564305355014?utm_campaign=google_jobs_apply&utm_source=google_jobs_apply&utm_medium=organic,"Description We are a forward-thinking organization committed to helping global businesses navigate the ever-evolving technological, societal, and cultural landscape. Our mission is to reimagine impact and shape the future through innovative software solutions. We are looking for a friendly and experienced Customer Support Representative to join our vibrant team. If you are passionate about providing exceptional customer service and thrive in a collaborative environment, we would love to hear fro..."
Teramind,SaaS Customer Support Specialist,Customer Support,Support Volume Expansion,"Montgomery, AL",FALSE,Full-time,,Talents By Vaia,https://talents.vaia.com/companies/teramind/montgomery/remote-saas-customer-support-specialist-tech-security-107254026/?utm_campaign=google_jobs_apply&utm_source=google_jobs_apply&utm_medium=organic,"Teramind is seeking a Customer Support Specialist to join our remote team. This position involves providing technical support via chat and email, ensuring high customer satisfaction, and becoming an expert in our product features. Candidates should have at least 2 years of experience in technical support, strong interpersonal skills, and a good understanding of B2B SaaS products. Enjoy competitive compensation, flexible paid time off, and opportunities for ongoing training and career growth in a..."
Storepass,SaaS Customer Support Specialist,Customer Support,Support Volume Expansion,"Burlingame, CA",FALSE,Full-time,9 days ago,JobLeads,https://www.jobleads.com/us/job/saas-customer-support-specialist--burlingame--ee5a3cffce01f3aff586742ba0ef30d88?utm_campaign=google_jobs_apply&utm_source=google_jobs_apply&utm_medium=organic,"Storepass is seeking a Customer Service Representative to provide support and help customers navigate our products. This role involves assisting customers via email, chat, and phone, resolving issues effectively, and documenting interactions for continuous improvement. The ideal candidate has over 1 year of experience in customer service, strong communication skills, and the ability to learn software products quickly. Join us for a supportive team environment and growth opportunities."
Funnel Leasing,SaaS Customer Support Specialist - Tier 1 (Hybrid),Customer Support,Support Volume Expansion,"Dallas, TX",FALSE,Full-time,6 days ago,BeBee,https://bebee.com/us/jobs/saas-customer-support-specialist-tier-1-hybrid-funnel-leasing-dallas--lensa-7428_13d872a9c83647056e948073f8d59183410b53a746ff76395166a4cccb52267f?utm_campaign=google_jobs_apply&utm_source=google_jobs_apply&utm_medium=organic,A leading software company in Texas is hiring a Customer Support Specialist Tier 1 to provide exceptional service to customers and troubleshoot software solutions. Candidates should have experience in the multifamily industry and possess excellent communication skills. This role offers hybrid work flexibility and a competitive pay range. Join a team committed to continuous improvement and customer satisfaction.
Upwork,Freelance GTM Engineer for SaaS Client,GTM Operations,GTM Infrastructure Investment,Anywhere,TRUE,Contractor,7 days ago,Upwork,https://www.upwork.com/freelance-jobs/apply/Freelance-GTM-Engineer-for-SaaS-Client_~022077485159715636402/?utm_campaign=google_jobs_apply&utm_source=google_jobs_apply&utm_medium=organic,"We're a UK-based GTM engineering agency. We build and run outbound revenue systems for B2B and SaaS companies: lead data, cold email, LinkedIn, and the automation that ties it together. We've just onboarded a new client and are looking for an experienced freelancer to help us deliver. This is hands-on execution alongside our team, not strategy-only. What you'll work on: - Clay: enrichment, waterfalls, AI columns, ICP scoring, clean lists - HeyReach: LinkedIn campaign setup and management - Insta..."
"Pantheon Systems, Inc.",Remote GTM Systems Admin: CRM & Integrations,GTM Operations,GTM Infrastructure Investment,United States,FALSE,Full-time,9 days ago,JobLeads,https://www.jobleads.com/us/job/remote-gtm-systems-admin-crm-integrations--united-states--e708b157bbd9e962441ec572cc5d36216?utm_campaign=google_jobs_apply&utm_source=google_jobs_apply&utm_medium=organic,"Pantheon Systems, Inc. is seeking a full-time remote GTM Systems Administrator to own day-to-day administration and integration of GTM systems, ensuring data quality across revenue workflows. You will administer the CRM platform, support modernization projects, and build integrations across the GTM stack, focusing on data mapping, validation, and reporting. This role requires hands-on CRM experience in a B2B SaaS environment and strong API/middleware skills."
TRACTIAN,[Remote] Senior GTM Engineer - Hubspot,GTM Operations,GTM Infrastructure Investment,Anywhere,TRUE,Full-time,6 days ago,Jobright,https://jobright.ai/jobs/info/69f8f193582f810f9c8cf0c4?utm_campaign=google_jobs_apply&utm_source=google_jobs_apply&utm_medium=organic,"Note: The job is a remote job and is open to candidates in USA. Tractian is a company that supports GTM teams across the US, Brazil, and Mexico through its global GTM Engineering team. The Senior GTM Engineer - Hubspot will own and optimize the CRM infrastructure to ensure efficiency across sales, marketing, and customer success teams, focusing on data integrity, automation workflows, and reporting. Responsibilities Develop custom reports to assess the performance of campaigns and activitiesProg..."
Chowbus,[Remote] GTM Systems Lead,GTM Operations,GTM Infrastructure Investment,Anywhere,TRUE,Full-time,15 days ago,Jobright,https://jobright.ai/jobs/info/6a4d40363122a76a8fd54c77?visit=ai-gtm-systems-lead-jobs-in-united-states&utm_campaign=google_jobs_apply&utm_source=google_jobs_apply&utm_medium=organic,"Note: The job is a remote job and is open to candidates in USA. Chowbus is a leading AI Asian restaurant technology SaaS platform, with deep roots in the North American market for years. The GTM Systems Lead owns the strategy, architecture, and direction of Chowbus's CRM and surrounding platforms, ensuring a connected stack as the company scales across North America. Responsibilities Own CRM platform strategy, architecture, and roadmap. Define the target-state data model and system-of-record bou..."
ServiceNow,"[Remote] Head of GTM Operations, Servicenow.org",GTM Operations,GTM Infrastructure Investment,Anywhere,TRUE,Full-time,7 days ago,Jobright,https://jobright.ai/jobs/info/6a57d8a39838a11e5d8351f1?visit=startups-gtm-ops-lead-jobs-in-united-states&utm_campaign=google_jobs_apply&utm_source=google_jobs_apply&utm_medium=organic,"Note: The job is a remote job and is open to candidates in USA. ServiceNow is a leading company focused on making the world work better for everyone. The Head of GTM Operations for ServiceNow.org will oversee operational aspects of the sales organization and drive strategic growth and maturity of the nonprofit business unit. Responsibilities Collaborate with the GVP ServiceNow.org in setting and driving organizational vision, strategy revenue and workforce plansUse data-driven insights to improv..."
Panorama Education,GTM Systems Admin – Salesforce & AI Automation,GTM Operations,GTM Infrastructure Investment,United States,FALSE,Full-time,6 days ago,JobLeads,https://www.jobleads.com/us/job/gtm-systems-admin-salesforce-ai-automation--united-states--e67b483f29bfe634f6aa0b32fb2352709?utm_campaign=google_jobs_apply&utm_source=google_jobs_apply&utm_medium=organic,"Panorama Education is seeking a GTM Systems Administrator to manage Salesforce and other GTM platforms. You will collaborate with teams to streamline operations and identify opportunities for automation using AI. Ideal candidates will possess 3-5 years of Salesforce administration experience in a B2B SaaS environment, with a strong understanding of multiple platforms and integrations. Additional benefits include a competitive salary, 401K, and flexible vacation policy."